{"cameraMode":{"drawMode":0,"name":"Shaded","section":"Shading Mode"},"sceneLighting":true,"audioPlay":false,"sceneViewState":{"showFog":false,"showMaterialUpdate":true,"showSkybox":true,"showFlares":true,"showImageEffects":true,"showParticleSystems":true},"in2DMode":false,"pivot":{"x":-0.6651452779769898,"y":-1.322450876235962,"z":1.621142029762268},"rotation":{"x":0.33848774433135989,"y":-0.0014159639831632376,"z":0.0005093375220894814,"w":0.9409700036048889},"size":3.8499996662139894,"orthographic":false}