{"cameraMode":{"drawMode":0,"name":"Shaded","section":"Shading Mode"},"sceneLighting":true,"audioPlay":false,"sceneViewState":{"showFog":false,"showMaterialUpdate":true,"showSkybox":true,"showFlares":true,"showImageEffects":true,"showParticleSystems":true},"in2DMode":false,"pivot":{"x":488.34417724609377,"y":98.579833984375,"z":513.3792724609375},"rotation":{"x":0.6302502155303955,"y":0.005822771694511175,"z":-0.004726944025605917,"w":0.7763562798500061},"size":314.6365661621094,"orthographic":false}