{"cameraMode":{"drawMode":0,"name":"Shaded","section":"Shading Mode"},"sceneLighting":false,"audioPlay":false,"sceneViewState":{"showFog":false,"showMaterialUpdate":true,"showSkybox":true,"showFlares":true,"showImageEffects":true,"showParticleSystems":true},"in2DMode":false,"pivot":{"x":597.3132934570313,"y":-4.342308044433594,"z":301.8397521972656},"rotation":{"x":0.015543431043624878,"y":-0.9797952175140381,"z":0.18072131276130677,"w":0.0842694491147995},"size":8.903249740600586,"orthographic":false}